{
  "Version": "2012-10-17",
  "Statement": [{
      "Effect": "Allow",
      "Action": [
        "logs:CreateLogGroup",
        "logs:CreateLogStream",
        "logs:PutLogEvents"
      ],
      "Resource": "arn:aws:logs:*:*:*"
    },
    {
      "Effect": "Allow",
      "Action": [
        "ses:SendEmail",
        "ses:SendRawEmail"
      ],
      "Resource": [
        "*"
      ]
    },
    {
      "Effect": "Allow",
      "Action": [
        "dynamodb:PutItem"
      ],
      "Resource": "arn:aws:dynamodb:us-east-2:123456789012:table/Contact"
    }
  ]
}
